user_id,username,location,timestamp
12,bgraveston0,Yanling,2024-05-06T10:07:55.000Z
26,jbutterly1,Ailuk,2024-12-20T19:01:04.000Z
18,nvany2,Areni,2024-10-20T02:37:25.000Z
36,cmathy3,Tungao,2025-01-16T21:31:41.000Z
15,rmayger4,Bukid,2025-01-13T09:00:41.000Z
2,nrubert5,Ingenio,2024-02-18T13:42:15.000Z
44,abonicelli6,Dushk,2023-12-29T06:03:03.000Z
29,jboich7,Longxing,2024-01-04T21:21:34.000Z
20,knowakowska8,Chimboy Shahri,2024-03-15T19:18:01.000Z
48,streeby9,Shuangtang,2024-08-27T03:44:28.000Z
33,alorama,Valle Grande,2024-01-20T13:27:19.000Z
16,mpyottb,Pegongan,2024-09-06T12:42:32.000Z
44,lsmalcombec,Juan de Acosta,2024-10-29T18:25:25.000Z
13,kbisleyd,Malaga,2024-11-29T19:12:26.000Z
18,ccampese,Conde,2024-02-29T02:58:53.000Z
13,rdibiaggif,Mekarsari,2024-05-05T23:34:53.000Z
22,ztatersaleg,San Jose,2024-12-07T00:04:00.000Z
43,fshailerh,Al Bāţinah,2024-04-25T02:02:24.000Z
16,vsponderi,Ndwedwe,2024-02-26T17:02:31.000Z
17,nthoringtonj,Hinigaran,2024-06-24T18:59:52.000Z
36,bgatwardk,Saint Louis,2023-12-02T07:08:57.000Z
31,sthunnerclefl,Sandaoba,2024-02-19T04:58:55.000Z
30,mhughfm,Grand Bois,2024-01-08T04:24:43.000Z
21,athompsonn,Si Satchanalai,2024-12-10T15:09:59.000Z
18,agrabero,Meru,2024-11-01T17:09:14.000Z
11,gmasselp,Lawdar,2024-04-30T21:05:21.000Z
20,bstidstonq,Qiaozi,2025-01-15T22:44:56.000Z
33,vduckerr,Notranje Gorice,2024-03-30T12:28:47.000Z
30,cabbetts,Viga,2024-08-14T17:37:37.000Z
5,aprowset,Huangkeng,2023-12-03T09:53:18.000Z
9,cverteyu,Adraskan,2024-05-27T02:26:32.000Z
29,bgladdolphv,Bo Phloi,2024-09-06T08:03:23.000Z
7,lmaclleesew,Severobaykal’sk,2024-10-02T14:15:09.000Z
38,mcowtherdx,Myski,2025-01-11T22:12:09.000Z
4,ngehrelsy,Kama,2024-10-15T15:43:45.000Z
13,ssinsonz,Ning’an,2024-11-29T23:21:15.000Z
21,rvasyukhnov10,Saumur,2024-10-31T20:08:43.000Z
44,abridgeman11,Ait Ali,2024-10-14T03:44:10.000Z
43,jbounds12,Vadstena,2024-10-28T10:55:24.000Z
34,hrobillart13,Pinhal de Frades,2024-07-04T16:28:01.000Z
42,klimpertz14,Wangchuanchang,2024-08-01T09:46:39.000Z
27,mpottinger15,Villa Urquiza,2025-01-16T17:52:01.000Z
32,idibner16,Fort Lauderdale,2024-02-28T01:54:12.000Z
47,mphippin17,Jiamaying,2024-12-25T02:35:26.000Z
11,elassey18,Tīkāpur,2024-07-10T05:04:27.000Z
50,aboribal19,Janakpur,2024-12-01T17:08:06.000Z
6,babbys1a,Saverne,2024-04-22T00:10:57.000Z
16,vshilstone1b,Sukhobuzimskoye,2023-12-12T20:27:36.000Z
39,mkittiman1c,Taraan,2024-05-25T15:24:25.000Z
37,mgladeche1d,Wenxian Chengguanzhen,2024-09-02T09:45:47.000Z
10,kdaws1e,Daytona Beach,2024-02-23T00:28:15.000Z
26,pcroix1f,Montenegro,2024-09-02T18:31:55.000Z
44,achadderton1g,Haenam,2024-04-03T02:18:43.000Z
22,rmolines1h,Batasan,2024-02-11T05:52:10.000Z
11,grevel1i,Haiphong,2024-08-12T11:19:55.000Z
20,mredmire1j,Goya,2024-07-23T10:51:11.000Z
17,lmcmaster1k,Assiniboia,2024-01-29T20:44:08.000Z
9,gproudler1l,Rancho Nuevo,2024-09-17T16:34:46.000Z
12,ygiovannardi1m,Nasilava,2024-09-26T21:35:02.000Z
3,rkestin1n,Cipeundeuy,2024-06-25T16:34:37.000Z
35,kallonby1o,Tuxi,2025-01-27T01:30:50.000Z
34,ehince1p,Lanipao,2024-05-24T01:00:06.000Z
44,dtorbeck1q,Richmond,2024-10-28T14:48:49.000Z
4,tbanke1r,Zhouhu,2024-09-19T05:31:11.000Z
24,vwilne1s,Pyhäranta,2024-07-16T06:08:04.000Z
28,bratley1t,Ogoja,2025-01-30T11:21:47.000Z
42,amattek1u,Oehala,2024-09-04T07:11:19.000Z
28,lbloxsom1v,Wingham,2024-11-11T02:17:52.000Z
8,mgethyn1w,Lanxi,2024-10-14T06:04:24.000Z
44,fbarnewell1x,Zaragoza,2025-01-26T01:35:23.000Z
6,sbryenton1y,Xinjiezhen,2024-11-15T16:29:49.000Z
18,idolby1z,Phayao,2024-06-09T00:08:09.000Z
12,kfetters20,Prainha de Baixo,2024-01-24T08:35:47.000Z
18,smetcalf21,San Francisco,2024-01-12T22:49:48.000Z
40,amckinty22,Little Rock,2024-12-27T09:50:52.000Z
39,mmatiebe23,Bollnäs,2024-04-20T03:49:41.000Z
27,hpeaseman24,Kedungsumurkrajan,2025-01-14T16:03:52.000Z
10,rpoppleton25,Marseille,2024-11-02T13:01:11.000Z
37,skalisz26,Jāmpur,2025-01-09T19:57:25.000Z
38,bskeels27,Kabarnet,2024-10-24T09:09:45.000Z
43,rbrunnstein28,Sam Phran,2024-03-31T01:44:29.000Z
37,tenrigo29,Bantawora,2024-09-27T03:26:08.000Z
25,tblant2a,Papringan,2023-12-07T15:40:24.000Z
20,asimnett2b,Pancheng,2024-05-20T20:08:07.000Z
19,dayrs2c,Eybens,2024-02-07T20:11:33.000Z
4,kcoulsen2d,Houping,2024-09-25T11:43:08.000Z
8,aleghorn2e,Pulautemiang,2025-01-28T04:23:05.000Z
16,icalverd2f,Minami-rinkan,2024-06-14T10:28:48.000Z
15,nfarfolomeev2g,Beiwenquan,2024-12-19T14:12:14.000Z
2,cbunner2h,Chapelton,2024-11-07T19:53:37.000Z
43,abowditch2i,Tiabaya,2024-09-07T16:39:45.000Z
16,emcglade2j,Loandjili,2024-08-20T23:42:16.000Z
18,pbroschek2k,Kertanegla,2024-10-27T19:38:54.000Z
20,ccallister2l,Marull,2025-01-08T08:04:38.000Z
5,blyttle2m,Bāfq,2024-05-19T16:52:25.000Z
41,mirce2n,Tanjungluar,2024-09-07T10:11:32.000Z
34,ablacksell2o,Cisek,2023-12-02T07:45:50.000Z
9,nhunnywell2p,Zambujeira,2024-11-19T00:29:03.000Z
25,jedwardson2q,Longtanhe,2024-02-20T11:11:31.000Z
24,trennenbach2r,Avaré,2023-12-31T00:05:26.000Z
25,dabels2s,Ayapel,2024-01-31T19:00:59.000Z
12,jcurmi2t,Ozatlán,2024-09-05T04:07:18.000Z
42,lbertwistle2u,Alvalade,2024-11-02T14:37:17.000Z
39,omansell2v,Mandalgovi,2025-01-31T21:44:26.000Z
1,candrzejczak2w,Boyany,2024-08-25T10:56:51.000Z
45,cfarres2x,Biliri,2024-07-18T23:05:31.000Z
3,irushworth2y,Libušín,2024-05-25T05:38:12.000Z
38,agabites2z,Laingsburg,2024-01-30T17:38:43.000Z
45,mblow30,Tianjiazhuang,2024-06-28T09:50:55.000Z
47,sspinnace31,Purwojoyo,2024-07-20T02:25:22.000Z
27,jmacalester32,Cikai,2024-07-09T16:32:40.000Z
45,bfussen33,Gaio,2025-01-15T19:20:38.000Z
8,hbowe34,Tyrawa Wołoska,2024-01-12T17:59:34.000Z
7,iellit35,Kangar,2024-05-15T17:04:06.000Z
4,dkenwell36,Jietou,2024-01-02T11:21:55.000Z
16,kbartolomeu37,Viradouro,2024-02-04T04:32:23.000Z
35,adarinton38,Pinega,2024-03-02T03:37:48.000Z
13,lsodo39,Maca,2025-01-04T02:42:55.000Z
15,snormavell3a,Tomice,2024-09-03T16:32:44.000Z
6,kpatrickson3b,Pilpichaca,2024-02-10T16:09:07.000Z
24,labrashkov3c,Guchang,2024-07-26T05:43:28.000Z
8,jselbie3d,Yeniköy,2024-12-19T23:47:34.000Z
25,scunniam3e,Tempuran,2024-09-04T14:06:24.000Z
42,aalven3f,Kepuh,2024-03-11T08:25:58.000Z
26,pmaciejak3g,Lianghe,2024-10-16T04:18:04.000Z
26,jtomkins3h,Néa Tríglia,2023-12-24T20:13:01.000Z
45,ecruddace3i,Sŭedinenie,2023-12-30T11:23:33.000Z
5,bvolant3j,Gijon,2024-04-15T17:48:43.000Z
38,cdedomenico3k,Leribe,2023-12-14T13:11:42.000Z
14,flyttle3l,Shin’ichi,2024-01-19T15:23:14.000Z
13,ipaladino3m,Songkan,2025-01-01T00:24:04.000Z
21,gmettetal3n,Hanam,2024-06-30T23:17:45.000Z
29,mrosenzveig3o,Gândara de Aquém,2024-05-28T21:56:44.000Z
9,etuffield3p,Dingli,2025-01-24T18:33:45.000Z
46,bgalero3q,Thulamahashi,2023-12-02T19:02:14.000Z
37,gmaccrea3r,Parse,2023-12-17T00:27:10.000Z
20,mdevigne3s,Paris 11,2024-09-24T10:50:00.000Z
50,mcaldron3t,Afaahiti,2024-05-05T21:43:20.000Z
33,ttenney3u,Szeged,2024-12-12T09:44:29.000Z
33,jjaggar3v,Quichuay,2024-10-14T23:28:48.000Z
7,dodowne3w,Cilegong,2024-06-09T02:20:43.000Z
2,mgambell3x,Heemstede,2024-11-03T08:24:52.000Z
13,bcaldecourt3y,Ostrzeszów,2024-06-06T17:41:13.000Z
49,ddrabble3z,Kudanding,2024-06-08T16:33:09.000Z
39,lshobrook40,Sobinka,2024-06-19T11:24:39.000Z
18,dcatcherside41,Mananjary,2024-05-24T06:07:24.000Z
33,smaccracken42,Shanguang,2024-11-18T11:21:16.000Z
41,ehoopper43,Pepayan,2024-06-13T11:02:57.000Z
1,bather44,Yumbel,2023-12-13T15:53:17.000Z
21,creadwin45,Linxi,2024-12-06T20:04:41.000Z
13,eiaduccelli46,Puutuga,2024-12-14T23:05:05.000Z
18,rfendt47,Nyamanari,2024-03-05T21:33:43.000Z
7,jorthmann48,Eqbālīyeh,2024-05-10T08:41:55.000Z
15,jstrachan49,Melíti,2024-07-26T15:32:59.000Z
5,rboothebie4a,Jinsheng,2024-05-25T16:22:47.000Z
37,tgallen4b,Sambonggede,2024-10-20T20:24:26.000Z
3,nbaxstare4c,Jilili,2025-01-23T11:04:01.000Z
38,fceeley4d,Baima,2024-09-21T08:36:16.000Z
5,jstares4e,Leduc,2024-08-03T14:31:53.000Z
31,yolver4f,West Palm Beach,2024-01-30T03:42:44.000Z
15,karthurs4g,Ilmajoki,2024-07-02T14:46:53.000Z
9,nspearman4h,Santo Domingo,2025-01-20T07:13:55.000Z
50,ebeddo4i,Sośno,2024-01-25T05:10:13.000Z
44,dguilder4j,Tongole,2024-04-26T04:24:56.000Z
18,tizacenko4k,Bribir,2024-05-22T09:46:40.000Z
4,aallenby4l,Pavlovka,2024-12-28T01:19:01.000Z
25,cjudkin4m,Floresta,2023-12-17T04:03:25.000Z
29,eallardyce4n,Penticton,2024-02-23T05:34:29.000Z
28,fgrimsdale4o,Thawi Watthana,2024-01-18T06:23:14.000Z
23,jmagarrell4p,Maiduguri,2024-05-22T13:58:10.000Z
43,whuntall4q,Artemisa,2023-12-08T22:01:44.000Z
7,vgingedale4r,Zhangjiagang,2024-10-25T00:56:04.000Z
23,iriby4s,Warsaw,2024-04-02T02:55:08.000Z
19,jjeary4t,Taliouine,2024-08-16T08:23:03.000Z
19,hmolder4u,Barbalha,2024-03-22T22:32:13.000Z
5,dbarthropp4v,Nidek,2024-07-31T10:11:34.000Z
25,eshirley4w,Rumoi,2024-12-21T03:59:43.000Z
43,cpagett4x,Lianokládhion,2024-12-15T00:32:32.000Z
37,jdexter4y,Łanięta,2023-12-22T06:42:42.000Z
1,jpeacocke4z,Côn Sơn,2024-11-26T15:31:49.000Z
9,ctee50,Blainville,2024-08-10T04:17:15.000Z
31,rfonzo51,Biasong,2024-04-20T23:19:03.000Z
4,kwinterbottom52,Biru,2024-04-16T22:31:15.000Z
13,npetrik53,Begang,2024-06-14T02:06:30.000Z
48,apalphreyman54,Balahovit,2024-04-06T16:45:50.000Z
36,vbarnsdall55,Logung,2024-09-23T23:25:14.000Z
8,cattwoul56,Chiquinquirá,2024-05-03T10:06:11.000Z
19,depp57,Enschede,2024-08-09T11:25:10.000Z
1,ahakking58,Dongjin,2024-10-24T12:18:16.000Z
31,hgeratasch59,Padangtepung,2023-12-05T21:26:09.000Z
9,wpauletto5a,La Vega,2024-01-24T12:49:19.000Z
29,swhitcombe5b,Baie-D'Urfé,2024-09-20T20:02:27.000Z
31,bgilhooley5c,Seulimeum,2024-10-01T11:35:01.000Z
40,cchapleo5d,Cholet,2024-10-28T18:18:59.000Z
44,cbellenger5e,Tuscaloosa,2024-06-18T13:37:21.000Z
4,nbracey5f,Lakateng,2024-10-01T01:27:49.000Z
30,dreiglar5g,Xincheng Chengguanzhen,2024-10-30T09:29:04.000Z
26,aolivera5h,Badajoz,2025-01-23T03:49:49.000Z
44,freilingen5i,Kalianget,2024-01-11T17:04:37.000Z
9,rnuttey5j,Huyang,2024-01-07T14:42:54.000Z
12,mudey5k,Balfour,2024-05-02T09:36:59.000Z
32,hcaddell5l,Payabon,2024-12-01T02:23:35.000Z
47,acostard5m,Oslo,2024-06-06T19:35:13.000Z
21,rwoodison5n,Nansheng,2024-09-24T22:44:36.000Z
25,pdelap5o,Anse Royale,2024-11-14T11:11:06.000Z
19,mrycraft5p,San Luis Jilotepeque,2024-07-13T20:25:17.000Z
23,cfrenzl5q,Jiazi,2024-01-02T03:26:57.000Z
35,jsemechik5r,Altavista,2024-07-02T15:14:05.000Z
23,nkiddie5s,Mhlume,2024-01-26T10:42:52.000Z
45,apidgeon5t,Kamyshin,2024-07-02T20:04:08.000Z
27,mvelez5u,Montor Timur,2024-02-03T20:54:29.000Z
18,pcheeld5v,Sandakan,2023-12-12T22:34:36.000Z
4,mringsell5w,Sima,2024-06-19T00:11:21.000Z
43,tbrodeur5x,Yanghou,2023-12-10T01:52:31.000Z
22,gspiers5y,Ivanec,2024-02-04T14:52:56.000Z
14,hhowett5z,Mkushi,2025-01-31T00:49:18.000Z
36,eprattington60,Agboville,2024-07-21T01:31:10.000Z
12,lgarwood61,Dongke,2025-01-08T21:12:12.000Z
45,tlande62,Lagasit,2024-01-21T03:55:20.000Z
38,ljako63,Honglin,2024-11-09T18:16:26.000Z
14,skleewein64,Jianggao,2024-10-21T07:50:59.000Z
33,iblanket65,Shuangyang,2024-06-16T23:36:30.000Z
35,kainge66,Numazu,2024-01-29T02:03:07.000Z
16,krobelow67,Weiguo,2024-10-18T19:24:53.000Z
34,lroskilly68,Shanyang,2024-02-11T20:21:14.000Z
45,dmacloughlin69,Gechuan,2024-09-27T16:42:32.000Z
22,jshirrell6a,Nikopol,2024-10-02T06:22:54.000Z
38,iwookey6b,Huanggang,2024-04-02T15:53:59.000Z
40,ifearns6c,Tsagaannuur,2024-04-11T18:06:47.000Z
47,pfardy6d,San Lorenzo,2024-03-10T09:32:47.000Z
15,edaniely6e,Cikadondongdesa,2024-03-12T15:48:49.000Z
19,gwinfield6f,Jindayris,2024-08-15T07:01:28.000Z
26,lmeindl6g,Sarykemer,2024-10-28T11:58:57.000Z
10,rsurr6h,Wuxi,2024-10-18T06:33:18.000Z
26,mtourner6i,Punggurharjo,2024-09-22T04:58:36.000Z
31,cfritschel6j,Huanghai,2024-06-01T12:57:05.000Z
21,vmirfield6k,Ōkawara,2024-03-08T18:36:24.000Z
26,dharmeston6l,Jiangpan,2025-01-01T08:53:03.000Z
16,nmcclune6m,Songmuping,2023-12-29T08:47:12.000Z
30,rgallear6n,Jasugih Selatan,2024-09-07T09:31:46.000Z
43,gbohike6o,Joinville,2024-10-28T18:28:06.000Z
1,vslimings6p,Donostia-San Sebastian,2024-12-22T02:21:54.000Z
22,ionn6q,Железный порт,2024-09-09T03:12:19.000Z
12,dmountjoy6r,Biritiba Mirim,2024-12-10T16:53:09.000Z
30,adreye6s,Evansville,2024-06-29T00:57:02.000Z
19,acuffley6t,Ujae,2024-07-05T12:15:35.000Z
12,smacnamara6u,Uitenhage,2024-05-11T23:28:36.000Z
6,jmil6v,Rāmganj,2024-04-22T18:15:14.000Z
46,oswarbrigg6w,Sokhumi,2024-08-14T19:19:28.000Z
44,jtinsley6x,Sölvesborg,2024-09-25T21:12:07.000Z
12,amcdonagh6y,Arcueil,2024-01-02T22:08:24.000Z
10,eebbutt6z,Savonranta,2025-01-26T17:15:02.000Z
43,abartley70,Puncakwangi,2024-08-20T03:01:08.000Z
29,bscrivenor71,Chumikan,2024-09-04T09:08:49.000Z
26,mendon72,Murów,2024-10-24T11:17:07.000Z
2,onoice73,Visby,2024-08-02T03:39:40.000Z
33,kschiementz74,Andahuaylas,2024-09-01T02:24:56.000Z
27,rgarnall75,Mangochi,2024-03-09T08:29:26.000Z
47,mgjerde76,Prokop’yevsk,2024-07-10T00:13:27.000Z
30,wyea77,Skorogoszcz,2025-01-12T03:58:44.000Z
48,mbritcher78,Visim,2024-08-28T04:32:34.000Z
36,jwedon79,Haduohe,2024-07-12T08:10:43.000Z
32,fmulberry7a,Fastiv,2023-12-29T16:52:45.000Z
13,kcressar7b,Dete,2025-01-07T04:10:05.000Z
34,dhyatt7c,Dzaoudzi,2024-06-12T01:23:02.000Z
11,tbevir7d,São Vicente,2024-04-15T00:44:09.000Z
13,ngaskill7e,Bankeryd,2024-10-27T00:50:11.000Z
23,lmcphilemy7f,Yuzhno-Sukhokumsk,2024-01-07T10:44:22.000Z
30,wkeave7g,Lelystad,2024-02-05T08:39:52.000Z
7,jcollison7h,Masjid,2024-01-03T00:01:07.000Z
4,hpammenter7i,Granada,2024-12-18T04:20:41.000Z
16,wpaladino7j,Stuttgart Stuttgart-Mitte,2025-01-09T02:18:19.000Z
15,eduplantier7k,Pedro García,2024-06-27T00:42:37.000Z
29,dwealthall7l,Timurlorong,2024-10-17T12:45:26.000Z
46,dcushe7m,Jitan,2025-01-18T16:25:46.000Z
43,ppaolazzi7n,Brovary,2024-08-18T14:17:41.000Z
18,magneau7o,Kuvshinovo,2024-10-15T01:08:20.000Z
14,llilion7p,Itagibá,2024-12-15T15:15:56.000Z
4,ethor7q,Tambovka,2024-06-27T16:21:43.000Z
39,tcoryndon7r,Kota Kinabalu,2024-07-06T02:48:32.000Z
43,rmccurlye7s,Ob’,2024-01-05T04:44:21.000Z
6,sslocumb7t,Yantai,2024-03-23T07:31:37.000Z
30,mgallanders7u,Bonneuil-sur-Marne,2024-03-31T18:46:52.000Z
28,jharsent7v,Amagbagan,2024-04-10T07:01:10.000Z
5,jsolomon7w,Taihe Chengguanzhen,2024-09-29T20:25:31.000Z
23,gmadsen7x,Leteki,2023-12-28T18:19:29.000Z
23,kfaraker7y,København,2024-04-28T07:56:27.000Z
26,bschaumann7z,Waterloo,2024-04-14T16:39:50.000Z
26,jtagg80,Santa Lucia,2024-03-16T22:42:34.000Z
9,mpiper81,Hanjia,2024-05-16T17:49:05.000Z
3,seykel82,Ipoti,2024-02-13T13:36:23.000Z
23,hgoodding83,Huangsha,2024-02-03T03:47:50.000Z
38,arutgers84,Coronel Martínez,2024-10-12T10:12:58.000Z
42,swalne85,Zhongfang,2024-01-27T01:06:13.000Z
43,mbosher86,Leigongmiao,2024-06-10T08:32:39.000Z
23,hcastana87,Al Badārī,2024-09-01T08:18:12.000Z
43,lpraill88,Ścinawa,2024-03-03T03:59:11.000Z
29,mflancinbaum89,Takari,2024-09-24T06:22:01.000Z
15,elambard8a,Kalanchak,2024-12-29T03:33:30.000Z
29,dludlam8b,Hehe,2025-01-22T01:54:44.000Z
24,ldumbare8c,Marseille,2024-08-15T10:02:50.000Z
6,thessay8d,Kitāf,2024-10-13T16:14:07.000Z
2,rdemitri8e,Cielmice,2024-09-13T12:28:17.000Z
9,eilden8f,Sulop,2025-01-11T22:52:28.000Z
37,kodyvoie8g,Metz,2023-12-25T09:25:12.000Z
48,nmcmurray8h,Baoquanshan,2024-06-11T20:21:05.000Z
38,ggiordano8i,Smithers,2023-12-16T19:38:02.000Z
11,rgosling8j,Conchucos,2024-09-11T21:17:21.000Z
32,kbirrel8k,Can-asujan,2024-11-14T07:41:27.000Z
36,cborres8l,Hluboká nad Vltavou,2024-02-06T01:40:23.000Z
50,delgee8m,Likino-Dulevo,2024-06-03T10:21:36.000Z
14,cgodding8n,Fengshan,2023-12-06T13:40:55.000Z
42,kwolfendell8o,Ishiki,2024-06-25T09:40:13.000Z
26,dpetranek8p,Berkovitsa,2024-06-01T21:12:52.000Z
49,ggraeber8q,Polos,2024-03-14T07:51:43.000Z
40,rcolby8r,Dakoro,2023-12-26T14:14:05.000Z
20,hlongmuir8s,Wanju,2024-09-12T03:10:03.000Z
30,rsollis8t,Dingjiaqiao,2024-03-15T12:52:53.000Z
17,fferraro8u,Shuiyang,2025-01-19T17:22:52.000Z
12,ctrynor8v,Synevyr,2024-02-11T18:40:32.000Z
26,mplues8w,Koniaków,2024-01-23T15:19:31.000Z
46,mhattiff8x,Detroit,2023-12-04T19:25:11.000Z
27,cchidgey8y,Skövde,2024-07-23T12:36:49.000Z
11,abenstead8z,Tegalagung,2024-12-24T09:48:36.000Z
8,rhuncoot90,Iwye,2024-12-10T03:15:24.000Z
30,akeane91,Capilla del Monte,2024-05-15T22:33:49.000Z
22,hhaslehurst92,Cabeço de Vide,2023-12-27T23:45:19.000Z
39,adyde93,Takayama,2024-04-07T14:59:46.000Z
43,jtejero94,Talayan,2024-10-30T08:25:13.000Z
3,mwadsworth95,‘Irbīn,2024-07-27T13:09:24.000Z
8,vcosh96,Santa Lucia,2024-02-10T23:29:36.000Z
21,mlowther97,Mhlambanyatsi,2024-06-19T02:11:26.000Z
43,bcumpsty98,Soko,2024-01-31T05:38:44.000Z
8,heirwin99,Pa Tio,2024-10-14T02:56:14.000Z
40,aroset9a,Quipot,2024-09-02T05:25:47.000Z
8,bhuggill9b,Aoyang,2024-07-03T17:45:05.000Z
28,mcristofolo9c,Kertosari,2023-12-29T21:51:40.000Z
26,lcrombleholme9d,Duyên Hải,2025-01-10T19:13:47.000Z
44,pcreane9e,Almendra,2024-11-21T06:43:38.000Z
27,fdelacroix9f,Boa Vista,2023-12-24T12:37:10.000Z
39,mblaszczak9g,Zhuping,2024-12-21T10:34:31.000Z
18,tbestwall9h,Yidian,2024-10-17T01:33:48.000Z
11,bbrocket9i,Kalodzishchy,2024-10-23T01:44:55.000Z
32,mpryce9j,Maicao,2024-02-23T09:32:37.000Z
2,mpizey9k,Da’an,2024-12-13T00:36:07.000Z
49,kwillisch9l,Panyingkiran,2024-06-27T23:17:22.000Z
14,glaytham9m,Shreveport,2024-01-05T03:44:11.000Z
9,ckelner9n,Las Palmas,2024-03-20T00:55:34.000Z
44,cbrogiotti9o,Xingguo,2024-06-27T09:27:15.000Z
18,rbrunstan9p,Bingfang,2023-12-26T03:54:52.000Z
4,gpetrasch9q,Maoping,2024-08-12T17:30:19.000Z
20,zgurton9r,Jequitinhonha,2024-02-06T10:49:00.000Z
17,fbenyan9s,Vicuña,2025-01-09T22:16:18.000Z
38,oorys9t,Popayán,2024-01-30T00:08:35.000Z
32,kcumbridge9u,Huanggang,2024-06-24T10:51:44.000Z
39,battenbrow9v,Dongzhou,2024-05-16T13:15:15.000Z
30,ajudkin9w,Yubileynyy,2024-08-02T17:15:47.000Z
38,ddreye9x,Jinchang,2024-05-17T12:00:45.000Z
34,tantoniottii9y,Ban Selaphum,2024-06-26T14:42:25.000Z
22,vcapstack9z,Giraldo,2024-02-29T22:24:41.000Z
33,ubanishevitza0,Thị Trấn Yên Cát,2024-10-25T13:41:35.000Z
34,cchennellsa1,Delareyville,2025-01-18T11:04:03.000Z
32,smcartea2,Lianrao,2024-04-18T07:41:27.000Z
45,slarhama3,Wodzierady,2024-08-04T08:59:00.000Z
12,vcrudena4,Lupon,2024-04-23T18:15:46.000Z
14,wloomesa5,Okpoga,2024-07-11T02:36:31.000Z
26,creadetta6,Gornji Grad,2024-08-14T05:46:40.000Z
9,ceatttoka7,Metlika,2024-05-28T02:20:51.000Z
9,adenorea8,Nanzhang Chengguanzhen,2024-08-27T23:28:34.000Z
2,rsivessa9,Takeo,2025-01-27T05:35:07.000Z
8,hcrombieaa,Tongjin,2023-12-02T18:07:59.000Z
3,cabrahamowitczab,Hongtu,2024-04-01T18:09:18.000Z
43,adowdallac,Bosilovo,2024-08-06T01:22:23.000Z
14,xrupkead,Cabuyaro,2024-04-18T16:04:58.000Z
10,djimmesae,Mandala,2024-02-07T20:15:10.000Z
16,smorillasaf,Xia’ertai,2024-01-16T15:25:11.000Z
48,cwinstanleyag,Capira,2024-08-21T15:15:15.000Z
27,jdawbyah,Bhalil,2024-08-06T19:55:45.000Z
34,mchallinai,Leuwihalang,2024-03-10T12:40:03.000Z
7,jlocockaj,Logung,2024-04-10T04:18:28.000Z
20,rfalkak,Mjölby,2025-01-04T19:52:27.000Z
46,ftooneal,San Remigio,2024-08-18T14:04:37.000Z
28,rstookesam,Yallahs,2024-05-16T18:44:09.000Z
12,ahardagean,Dziewin,2024-07-19T05:21:43.000Z
40,tgodbertao,Kalanchak,2024-10-21T04:56:11.000Z
8,drubinsohnap,Mautapaga Bawah,2024-01-05T17:57:57.000Z
46,edelfaq,Magitang,2023-12-13T19:00:37.000Z
29,mlambdonar,Caridad,2024-04-22T07:39:09.000Z
41,apurselowas,Gayamdesa,2024-07-07T19:40:06.000Z
18,hchazelasat,Donglai,2024-07-24T05:41:33.000Z
11,diwanickiau,Richmond,2024-12-21T07:14:27.000Z
19,hgagenav,Vatutino,2023-12-24T07:59:35.000Z
30,cstensonaw,Klau,2024-03-19T19:05:05.000Z
37,jhowerdax,Penglai,2024-11-30T02:15:26.000Z
34,sdeinertay,Mirnyy,2025-01-01T12:06:28.000Z
10,tskamalaz,Straszydle,2024-12-02T05:44:42.000Z
26,mpietzkerb0,Bërxull,2024-01-14T10:51:55.000Z
9,wmancerb1,Nakano,2023-12-11T18:57:26.000Z
41,bmaitlandb2,Anjani Barat,2023-12-07T05:28:31.000Z
39,mmonteauxb3,Bharatpur,2024-12-28T07:43:34.000Z
9,mcumob4,Albuquerque,2023-12-07T08:34:53.000Z
4,ndrinkhallb5,Qesarya,2024-01-14T01:02:02.000Z
27,lyerbornb6,Xuexi,2024-11-30T11:18:46.000Z
20,lnewvellb7,Homa Bay,2024-04-10T21:36:54.000Z
37,cmaffyb8,Liantan,2024-11-21T02:01:20.000Z
21,tprinnettb9,Frederiksberg,2023-12-19T15:54:28.000Z
26,brockeyba,Hässleholm,2024-12-21T23:24:33.000Z
17,flovelessbb,Sanjiang,2024-06-04T13:31:02.000Z
26,clappinbc,Qusar,2024-08-28T09:05:36.000Z
2,sitzakovitzbd,Marmande,2024-01-29T12:57:30.000Z
45,pkeggbe,Mvomero,2024-03-03T07:05:41.000Z
29,clilywhitebf,Ust’-Koksa,2024-01-01T08:50:44.000Z
21,dseatterbg,Suure-Jaani,2024-05-16T03:39:52.000Z
39,glestorbh,Jiblah,2024-01-14T20:23:22.000Z
48,gdrayseybi,Chishan,2024-07-25T16:21:38.000Z
28,shalladbj,Słubice,2023-12-09T19:34:42.000Z
46,hkepebk,Puerto Santander,2024-03-02T00:33:59.000Z
20,asmidmoorbl,Nao,2024-05-08T07:51:32.000Z
32,dgrahlbm,Lamadong,2024-09-17T14:52:27.000Z
47,afallabn,Khānewāl,2025-01-03T20:58:33.000Z
7,kwestcarbo,Taoyuan,2024-05-01T08:36:26.000Z
37,ebirkettbp,Xinglong,2024-07-28T22:52:19.000Z
41,marnaldbq,Bendilwungu Lor,2024-04-23T12:08:35.000Z
9,mimmbr,Libacao,2024-03-28T11:51:14.000Z
17,dmactimpanybs,Padabeunghar,2024-02-29T19:07:53.000Z
44,glomazbt,Jequié,2024-12-16T05:36:06.000Z
7,thustingsbu,San Emilio,2025-01-26T23:15:12.000Z
47,yhatherleybv,Gorelki,2024-04-19T09:24:05.000Z
6,nmaccaughanbw,Chastyye,2024-04-14T08:53:40.000Z
35,cwoollettbx,Katsikás,2024-04-28T21:31:47.000Z
3,tshowalterby,Chengxi,2024-04-02T08:42:42.000Z
14,goxterbybz,Sävsjö,2024-08-14T00:34:27.000Z
10,bsquiresc0,Łomianki,2025-01-12T13:41:45.000Z
37,crizzielloc1,Callanca,2024-01-13T08:44:39.000Z
48,vroukec2,Pallasovka,2024-09-20T22:21:52.000Z
4,dmartonc3,Grebenskaya,2024-09-01T11:53:45.000Z
1,elatheyc4,Tingsryd,2023-12-02T22:25:52.000Z
35,wdalgarnowchc5,Shamkhor,2023-12-08T05:56:30.000Z
22,ghubertc6,Tsurib,2024-09-25T12:14:25.000Z
17,ckarbyc7,Ceerigaabo,2024-06-03T17:11:07.000Z
7,bbalfrec8,Bremen,2024-03-17T00:43:43.000Z
38,bkillingbeckc9,Zaragoza,2024-04-18T07:51:12.000Z
32,mvaleca,Chama,2024-11-09T03:32:47.000Z
46,sloaldaycb,Dolgoprudnyy,2024-09-07T17:18:15.000Z
31,gmizzencc,Zibreira,2024-10-15T00:10:57.000Z
11,acianicd,Sablé-sur-Sarthe,2024-01-29T14:48:15.000Z
33,dverriource,Lobanovo,2024-05-25T14:01:04.000Z
48,cbonnettcf,Kudusan,2024-09-16T00:26:16.000Z
26,mprimarolocg,Halmstad,2025-01-05T20:43:44.000Z
45,gobeech,Tomepampa,2025-01-24T02:34:29.000Z
29,acastellinici,Phoenix,2024-08-28T09:23:02.000Z
3,fwogdencj,Kuantan,2024-06-15T08:51:20.000Z
46,sdukesck,Tomelilla,2024-06-29T18:06:07.000Z
30,ibuckleycl,Shuangqiaoping,2024-02-01T06:13:20.000Z
46,mdunnecm,Guhuai,2024-12-10T03:32:12.000Z
27,gstorescn,København,2023-12-30T01:56:32.000Z
20,buphillco,Sagana,2024-10-27T12:17:29.000Z
32,hgossecp,Quba,2024-04-09T15:59:10.000Z
7,hklasscq,Huancheng,2024-10-09T21:55:55.000Z
5,bstonhewercr,San Jose,2023-12-11T11:22:50.000Z
20,sduffellcs,Melfi,2024-02-10T08:51:01.000Z
17,vkelloughct,Wilwerwiltz,2024-03-09T23:34:55.000Z
8,kandresencu,Säffle,2023-12-10T06:18:01.000Z
46,chendrickcv,Pereira Barreto,2024-07-15T17:27:47.000Z
39,lmurleycw,Mosjøen,2024-07-06T14:17:17.000Z
43,blaurencecx,São José,2023-12-04T19:21:04.000Z
50,mmainzcy,Haiphong,2024-05-10T05:06:38.000Z
27,tmingotticz,Harembo,2024-10-31T20:58:25.000Z
43,itorbeckd0,Przybyszówka,2024-10-04T22:07:10.000Z
22,ckeeled1,Lebao,2024-11-02T19:34:22.000Z
47,kkynettd2,Sosnówka,2024-02-15T04:57:07.000Z
20,gshaldersd3,Campo Quijano,2024-06-06T14:46:19.000Z
22,bschultd4,Katyuzhanka,2024-07-09T08:59:46.000Z
47,cfonzod5,Jincheng,2025-01-25T12:59:32.000Z
50,rfeildd6,Calauag,2024-12-27T12:42:44.000Z
21,cmunfordd7,Dunlewy,2024-12-03T23:16:04.000Z
35,vbrandtd8,Nangerang,2024-11-26T21:28:25.000Z
3,pbordissd9,Chambellan,2024-02-23T00:03:29.000Z
16,tlunkda,Lysekil,2024-02-19T10:00:51.000Z
48,cglydedb,Drammen,2024-03-20T19:54:09.000Z
41,sdillistondc,Calumpang,2024-07-21T23:57:22.000Z
40,clockhartdd,Quiling,2024-01-04T19:32:21.000Z
45,bmaccaullde,Härnösand,2025-01-31T21:05:01.000Z
22,hginitydf,Pinggang,2024-02-16T01:56:35.000Z
11,gsapautondg,Vista Hermosa,2024-06-17T18:33:38.000Z
13,rzmitrovichdh,Ath,2024-03-15T08:06:02.000Z
31,ecochdi,Anggana,2024-11-02T06:45:29.000Z
18,jtwyningdj,Santa Cruz,2024-12-11T15:15:13.000Z
42,rsimmansdk,El Calafate,2024-05-15T17:35:21.000Z
34,mmcgenisdl,Kattaqo’rg’on,2024-12-29T16:11:52.000Z
45,rgarthdm,Łomazy,2024-02-23T01:45:53.000Z
6,fbondesendn,Pakalongan,2024-08-21T15:19:02.000Z
9,cstormdo,Panay,2023-12-29T18:08:47.000Z
39,ddugalddp,Aurora,2024-12-03T02:01:21.000Z
45,ghuishdq,Esquipulas,2024-07-25T18:16:07.000Z
19,cdobbinsondr,Chalchuapa,2024-05-14T08:55:06.000Z
7,mregands,Spuž,2024-07-08T10:01:27.000Z
1,dparissdt,Szelków,2024-09-26T03:39:17.000Z
41,carnaultdu,Suncheon,2025-01-13T22:08:28.000Z
23,baggdv,Viçosa do Ceará,2024-08-01T04:54:23.000Z
21,mbarukhdw,Zhoushan,2024-12-11T20:32:11.000Z
21,rsultanadx,Huangqi,2024-10-15T06:05:55.000Z
14,elurnerdy,Puerto Quellón,2024-08-01T18:22:54.000Z
36,lblanketdz,Örebro,2024-08-09T16:22:06.000Z
13,kghionie0,Shuitai,2025-01-29T18:44:29.000Z
45,tgartsydee1,Shuangtang,2024-04-18T06:58:40.000Z
17,ddunkertone2,Pawonków,2024-04-12T11:58:13.000Z
1,jmottee3,Tambakmerak,2024-02-17T08:17:05.000Z
28,cmalshere4,Tomioka,2024-01-27T11:43:40.000Z
2,hcharringtone5,Aserrío de Gariché,2024-02-25T04:34:41.000Z
49,deliote6,Kutum,2024-02-15T00:05:54.000Z
7,msainese7,Munsan,2024-03-27T00:51:22.000Z
46,cgomme8,Changxuanling,2025-01-27T04:48:03.000Z
9,mmattiazzie9,Thun,2024-08-19T00:39:14.000Z
2,abuieea,New York City,2024-12-04T01:58:47.000Z
18,jmarcheb,Mavingouni,2024-06-13T19:04:14.000Z
8,gcolatonec,Santa Teresa First,2024-02-01T01:44:36.000Z
34,dshamaed,Kokubunji,2024-05-15T21:38:10.000Z
40,gclethroee,Nanfeng,2024-08-15T22:41:21.000Z
11,dmenelef,Kamirenjaku,2024-05-18T05:39:12.000Z
23,evanellieg,Lido,2024-12-23T11:01:29.000Z
42,jrickardeh,Proletarskiy,2024-03-03T18:53:46.000Z
24,jfayei,El Tejocote,2024-12-26T03:50:58.000Z
16,blymbourneej,Piątnica,2024-09-04T14:13:13.000Z
25,lsmallesek,Gobabis,2024-01-27T17:30:33.000Z
19,etomaschkeel,Mainri,2024-05-06T16:27:26.000Z
44,rpettengellem,Quitilipi,2024-06-01T17:03:09.000Z
23,rebornen,Stavropol’,2024-06-30T19:54:59.000Z
50,lgawneo,San Miguel,2024-02-02T12:09:53.000Z
7,bruttyep,Guadalupe,2024-12-16T19:05:47.000Z
21,bmacinneseq,Pailou,2024-01-12T07:08:02.000Z
43,econdeller,Jardim da Serra,2024-12-17T00:49:39.000Z
20,pwestbrookes,Liupai,2023-12-30T06:30:19.000Z
21,snergeret,Kuragaki-kosugi,2024-01-25T14:08:30.000Z
14,hbeadnelleu,Cajacay,2024-05-01T12:34:53.000Z
20,sblackslandev,Rio Negrinho,2024-11-20T02:50:16.000Z
45,vpetrushkaew,Ballitoville,2025-01-29T05:05:43.000Z
20,ltrolleyex,Almeirim,2024-05-10T03:12:53.000Z
9,lsculpherey,Zhangtan,2024-07-23T15:07:27.000Z
40,smyfordez,Canguaretama,2024-04-23T07:16:23.000Z
3,rpimf0,Trabulheira,2024-03-22T04:36:11.000Z
31,clynnf1,Bolobo,2024-11-03T18:46:22.000Z
48,aglanvillf2,Bangbayang,2024-02-17T08:19:23.000Z
41,mlamertonf3,Alicia,2024-02-17T17:49:28.000Z
46,vpophamf4,Shahrak,2024-09-10T20:18:16.000Z
9,esimlaf5,Gweedore,2024-05-23T10:38:50.000Z
8,bmeatonf6,Amieira do Tejo,2024-06-09T11:14:23.000Z
26,jlicciardiellof7,San Rafael,2024-12-30T23:11:55.000Z
10,fmingottif8,Jiangqiao,2024-11-28T10:44:49.000Z
17,eceillierf9,Mao,2024-04-27T12:33:08.000Z
17,bklimkowskifa,Telmin Suma,2023-12-12T08:58:48.000Z
3,ddougherfb,Mianhu,2024-11-05T07:34:25.000Z
27,sbillingefc,Apengjiang,2024-08-23T22:58:40.000Z
8,djusthamfd,Guanyinsi,2024-03-19T07:59:15.000Z
19,tgaskfe,Longshan,2024-12-08T21:32:41.000Z
6,farchanbaultff,Vila Maior,2024-08-02T16:25:56.000Z
37,aickovitsfg,Uppsala,2024-01-07T14:48:55.000Z
39,spettkofh,Parbatipur,2024-12-07T09:49:17.000Z
44,camesburyfi,Youssoufia,2024-12-23T08:56:19.000Z
43,rjestfj,Bacungan,2024-07-05T02:47:34.000Z
41,ogrenehamfk,Montélimar,2024-06-26T19:08:43.000Z
28,eshimminfl,Acajutla,2024-04-20T03:33:25.000Z
4,jpiensfm,Saint Louis,2024-07-12T23:10:51.000Z
2,jkleehuhlerfn,Jinhe,2024-10-23T16:57:09.000Z
42,rezelefo,Changzhi,2024-05-25T16:22:36.000Z
4,jdalesfp,Digdig,2024-09-20T07:14:12.000Z
10,crymillfq,Itzer,2024-04-20T07:12:55.000Z
21,lpauncefortfr,Newport Beach,2024-12-13T22:08:35.000Z
27,hmcnellisfs,Aguilares,2023-12-21T14:48:24.000Z
37,mblampiedft,Hobart,2024-04-19T15:08:29.000Z
5,ljanovskyfu,Buenavista,2024-04-15T19:19:10.000Z
41,llearmondfv,Raoyang,2024-04-25T03:07:09.000Z
11,hgiblingfw,Mirsk,2023-12-16T05:32:18.000Z
20,mtrittenfx,Mhlambanyatsi,2024-07-24T21:50:58.000Z
19,zperschkefy,Iwade,2024-12-24T03:42:10.000Z
25,kmaccartanfz,Banjar Ponggang,2023-12-07T22:45:06.000Z
32,ddudmang0,Kladno,2024-05-15T14:55:10.000Z
6,asingersg1,Vilar do Monte,2024-11-07T21:13:11.000Z
31,vwinscumg2,Bao’an,2024-05-10T14:26:00.000Z
13,zdaultong3,Panorama,2025-01-11T08:21:36.000Z
42,bbootheg4,Muesanaik,2024-12-30T21:56:25.000Z
38,mlowisg5,Chãos,2024-04-04T05:21:20.000Z
28,dmeusg6,Ban Mai,2024-07-22T04:23:07.000Z
12,dhinckleyg7,Guozhai,2024-03-11T06:08:15.000Z
43,hrackhamg8,Canchayllo,2024-09-06T02:16:31.000Z
11,kshickleg9,Żebbuġ,2024-02-21T19:40:49.000Z
18,esandcroftga,Toulouse,2025-01-07T10:17:24.000Z
11,skigelmangb,Xinkai,2024-12-28T16:28:58.000Z
37,hwynegc,Krajan Pangkah Kulon,2025-01-04T09:53:32.000Z
37,hcoomergd,Murovanoye,2024-11-04T13:08:00.000Z
1,ceckhardge,Morropón,2024-06-30T03:55:26.000Z
24,tmccowangf,Akarakar,2024-02-25T03:03:50.000Z
13,nlitchmoregg,Qinā,2024-05-07T02:19:13.000Z
43,gscawtongh,Messejana,2024-02-11T19:23:17.000Z
25,mscreetongi,Rangxi,2024-08-16T10:47:37.000Z
5,vflecknellgj,Komsomolsk,2024-06-03T20:31:22.000Z
19,ghearonsgk,Pantaihambawang,2024-01-04T07:07:20.000Z
10,htrettgl,Xilanqi,2024-07-26T18:07:48.000Z
28,ccunnowgm,Karangan,2024-03-17T00:41:33.000Z
6,jparrgn,Białaczów,2024-10-07T10:01:30.000Z
34,adriffego,Donggaohuang,2024-01-13T15:14:26.000Z
14,jpitchersgp,Claveria,2024-04-18T19:19:15.000Z
9,ahearnsgq,Alverca do Ribatejo,2024-10-06T08:58:06.000Z
21,bglavisgr,Mayumba,2024-10-31T16:20:01.000Z
47,moshielsgs,Huanchillas,2024-08-07T13:43:38.000Z
42,wtolertongt,Grigiškės,2024-12-25T03:22:46.000Z
47,fdufouregu,Paizhou,2023-12-09T01:00:53.000Z
14,tscuddersgv,Gaotuan,2024-09-19T04:41:22.000Z
5,kallwrightgw,Tampa,2024-06-03T21:23:41.000Z
19,lpellingtongx,Isla Verde,2024-06-30T14:55:56.000Z
18,wruspinegy,Khrystynivka,2024-12-04T00:02:54.000Z
15,rministergz,Dārān,2024-09-28T05:32:33.000Z
6,lblaineh0,Žemaičių Naumiestis,2024-04-12T09:03:22.000Z
5,alardezh1,Daxing,2025-01-31T03:41:47.000Z
24,jgogganh2,Nūbā,2024-04-29T15:34:13.000Z
19,cdaouseh3,Mopti,2024-12-23T06:52:29.000Z
30,hdiessh4,Zhengchang,2024-05-15T02:43:19.000Z
42,mmartinetsh5,Ganyesa,2023-12-25T08:58:52.000Z
5,ekienzleh6,Hovd,2024-01-24T11:09:46.000Z
1,mjaskiewiczh7,Fenghuang,2024-09-30T04:33:03.000Z
17,rjonczykh8,Badīn,2024-02-07T21:31:40.000Z
13,apeatheyjohnsh9,Pleshanovo,2023-12-03T11:54:30.000Z
10,kheymannha,Ventersburg,2025-01-11T07:08:21.000Z
37,ibeardwoodhb,Montbrison,2024-07-31T03:13:02.000Z
29,dyoellhc,Tiaong,2024-05-09T21:27:33.000Z
41,cohlsenhd,Pryluky,2024-09-08T08:37:10.000Z
28,rlattimerhe,Puerto Rico,2024-07-23T07:26:24.000Z
17,bstinchcombehf,Qingjiang,2024-07-08T02:10:27.000Z
46,ereilingerhg,Härnösand,2024-07-09T15:45:16.000Z
24,mallwoodhh,Moriya,2024-01-13T14:38:21.000Z
14,cdruitthi,Zhongzhai,2024-05-19T14:17:12.000Z
37,jpaylorhj,Alto Barinas,2024-11-01T16:55:35.000Z
19,bpeehk,Byala Slatina,2023-12-08T11:03:49.000Z
50,mlaurentinohl,Champagnole,2024-03-22T01:03:43.000Z
10,rminethm,Danirai,2024-07-17T01:37:59.000Z
26,jgarfithn,Batojaran,2024-08-30T18:13:39.000Z
8,clamonbyho,Georgetown,2024-01-01T09:11:37.000Z
19,akupechp,Bronx,2024-09-27T11:07:38.000Z
28,mvoelkerhq,Inčukalns,2024-06-04T21:57:16.000Z
48,oruoshr,Varoška Rijeka,2024-10-13T14:07:10.000Z
28,eguarnierhs,Smārde,2024-08-15T17:33:48.000Z
9,mhankardht,Fenghuangshan,2024-02-14T03:18:52.000Z
47,bferreahu,Zhaojia,2024-04-26T13:32:36.000Z
20,aalimanhv,Arai,2025-01-07T11:23:27.000Z
41,ghaggarthw,Gradačac,2024-10-09T23:53:19.000Z
36,fbouskillhx,Lianxia,2024-04-01T09:58:42.000Z
16,ephiferhy,Su-ngai Kolok,2024-07-28T15:10:32.000Z
18,karlidgehz,Takatsuki,2024-07-27T12:32:08.000Z
15,eblockwelli0,Qingyang,2024-05-10T08:20:00.000Z
50,mwhyberdi1,Umpak,2024-09-04T16:21:11.000Z
48,kgatrelli2,Baga Borihe,2024-10-17T21:13:43.000Z
10,anorcotti3,Baitashan,2024-09-15T20:16:28.000Z
14,dpridgeoni4,Bantarjati,2024-10-20T09:01:20.000Z
16,lattewi5,Sinop,2025-01-02T14:43:32.000Z
31,marchbutti6,Mengzhai,2024-01-11T10:44:22.000Z
19,cfermori7,Jiangxiangzhen,2024-08-18T22:49:26.000Z
4,spetyanini8,Byera Village,2024-10-17T03:18:37.000Z
24,awasselini9,Bungursari,2024-01-24T14:56:18.000Z
29,kleninia,Taoyang,2024-11-16T02:21:54.000Z
45,opockeyib,Mętków,2024-09-22T21:15:31.000Z
46,vmccloryic,Las Parejas,2023-12-03T02:19:21.000Z
27,ccasieroid,Odienné,2024-01-14T00:17:31.000Z
45,nwadmanie,Thiès Nones,2024-07-07T18:24:22.000Z
19,mambresinif,Mehendiganj,2024-01-02T03:37:26.000Z
25,bchedgeyig,Ouani,2025-01-27T08:16:31.000Z
16,esharpleih,Nanjie,2024-08-25T22:50:03.000Z
43,wvalentinoii,Bolembre,2024-08-02T16:04:32.000Z
29,gellphij,Seredeyskiy,2025-01-15T00:04:38.000Z
37,mdorgonik,Malusac,2024-12-26T16:52:54.000Z
5,pweatherallil,Pañgobilian,2025-01-02T04:21:09.000Z
9,jstrikeim,Voyinka,2023-12-08T10:31:51.000Z
4,cbatropin,Zawiya,2024-10-07T00:36:37.000Z
10,tfraczekio,Dashtobod,2024-05-31T01:03:52.000Z
41,lkenefordip,Qizili,2024-09-19T15:42:08.000Z
1,dcoslittiq,Velké Karlovice,2024-04-24T20:52:51.000Z
27,tkruschevir,Partenit,2024-02-11T06:46:23.000Z
17,lcardinalis,Qila Saifullāh,2024-02-14T15:14:04.000Z
26,kdumphreyit,Pataha,2024-06-05T06:22:49.000Z
11,mstreakiu,Rublëvo,2024-10-06T01:11:15.000Z
38,usallansiv,Chelles,2024-08-14T14:44:50.000Z
22,idevliniw,Gracias,2024-11-29T04:42:09.000Z
29,prozeaix,General Levalle,2024-11-20T01:39:30.000Z
42,lweepersiy,Huangshagang,2024-02-10T13:24:12.000Z
39,htailbyiz,Gbadolite,2024-11-04T14:44:27.000Z
20,bwakefieldj0,Kinsealy-Drinan,2024-10-30T02:44:43.000Z
9,rdowtryj1,Gaotian,2024-04-12T05:38:52.000Z
23,mvanderlindej2,Minbu,2024-07-03T16:37:18.000Z
24,rbradburnej3,Takahata,2023-12-28T14:03:07.000Z
34,nwakerleyj4,Mulyadadi,2024-09-04T12:44:22.000Z
4,rdurwardj5,Trelleborg,2024-01-18T16:20:00.000Z
6,cvinecombej6,Xiting,2024-03-22T15:41:02.000Z
24,pbahlsj7,Quartier Morin,2024-05-04T14:12:43.000Z
18,emiramsj8,Ccatca,2024-08-27T01:44:01.000Z
18,kshorthillj9,Saint-Amand-les-Eaux,2024-07-24T07:02:05.000Z
46,hhalwoodja,Al Ma‘allā’,2023-12-11T10:53:15.000Z
1,pnewcomenjb,Kanthararom,2024-07-10T11:59:45.000Z
36,obanatjc,Färgelanda,2024-01-25T13:01:25.000Z
7,estatonjd,Lingzhi,2024-04-19T21:12:57.000Z
12,ldalglishje,Nova Kakhovka,2024-03-11T20:53:39.000Z
20,mnasseyjf,Zárkos,2025-01-13T14:42:01.000Z
37,vduffjg,Jadowniki,2024-01-03T15:30:01.000Z
24,wgianettinijh,Praga Północ,2024-10-01T17:17:09.000Z
23,npondeji,Atolina,2024-05-18T06:47:57.000Z
12,dcotterilljj,Masaguisi,2024-12-28T11:48:43.000Z
29,edalzielljk,Xijiadian,2024-12-29T00:34:54.000Z
36,cflecknoejl,Evansville,2024-03-02T15:13:48.000Z
38,gemblenjm,Bendosari,2024-07-17T14:34:33.000Z
1,aallewelljn,Wādī as Sīr,2024-09-14T22:17:07.000Z
32,eburgisijo,Karang,2024-09-02T16:23:59.000Z
30,oaitkenjp,Taozhuang,2024-07-10T23:41:17.000Z
40,jcrehanjq,Verkhnya Syrovatka,2024-05-30T06:20:02.000Z
23,rpolkjr,Mozdok,2024-08-11T07:41:12.000Z
8,cmenurejs,Manjo,2024-05-11T20:10:40.000Z
7,dfouracrejt,Bontoc,2025-01-30T10:02:09.000Z
49,kszymanskiju,Zhendong,2024-04-25T01:44:04.000Z
34,wbleddonjv,Hongkou,2024-01-29T02:57:54.000Z
24,aivicjw,Kukichūō,2023-12-15T13:45:04.000Z
14,efirebracejx,Hüremt,2024-07-06T23:32:43.000Z
21,wratejy,Bahuang,2024-01-12T21:47:08.000Z
16,efigginsjz,Santo Antônio do Içá,2024-11-12T01:14:06.000Z
13,bfrapwellk0,Maesan,2025-01-13T06:00:47.000Z
26,imounseyk1,Ganta,2025-01-26T07:03:08.000Z
32,achasmark2,Tadotsu,2024-07-27T14:30:25.000Z
26,foglek3,Pilar,2024-05-02T04:19:07.000Z
23,mmateescuk4,Vila Alva,2024-05-11T09:43:34.000Z
47,ljervoisek5,Dūkštas,2024-07-04T06:56:22.000Z
39,ebirkinshawk6,Fresno,2024-10-18T05:35:33.000Z
49,kvakhonink7,Qŭrghontepa,2024-01-16T00:14:10.000Z
18,aboatswaink8,Nong Kung Si,2023-12-31T19:05:31.000Z
31,vcaplisk9,Torres Novas,2024-08-04T02:54:47.000Z
17,crussonka,Yuscarán,2024-01-27T09:11:54.000Z
49,dhanwrightkb,Chimen,2024-08-08T21:45:29.000Z
9,sbarnsdalekc,Baimaqiao,2024-05-07T19:12:07.000Z
31,jburrilkd,Załuski,2024-07-18T05:08:03.000Z
31,pvoffke,Luorong,2024-11-03T21:33:06.000Z
37,miliffekf,Barbosa,2024-02-10T16:52:05.000Z
5,tfabbkg,Santa Cruz do Sul,2024-11-28T15:00:22.000Z
26,vfearekh,Psevdás,2025-01-15T14:04:40.000Z
50,mdeaguirreki,Chiang Khan,2024-12-26T12:15:06.000Z
44,ijurakj,Ormstown,2024-01-15T20:53:31.000Z
49,amoykk,Shuiji,2024-11-15T05:35:21.000Z
40,cbriggskl,Zagórów,2024-08-30T10:42:14.000Z
19,jguidokm,Cetinje,2024-10-13T22:02:04.000Z
33,lszymanskikn,San Jose,2025-01-29T14:09:50.000Z
40,drowlinsonko,Stockholm,2024-03-12T07:27:21.000Z
15,rbraitlingkp,Wuqu,2024-04-01T22:08:46.000Z
34,gbilyardkq,La Huerta,2024-06-30T11:33:41.000Z
38,acochkr,Rawasan,2024-07-10T02:17:10.000Z
37,bcusworthks,Le Mans,2024-05-18T01:11:42.000Z
46,roregankt,Cirangkong,2024-09-02T23:55:16.000Z
34,thrinchenkoku,Paris 13,2024-10-01T16:52:33.000Z
13,gstoakskv,Zhourui,2024-12-14T11:40:30.000Z
32,hshimwallkw,Itaporanga,2024-02-08T04:51:03.000Z
48,zfarresskx,Nuradilovo,2024-09-17T22:46:53.000Z
26,jmahaddyky,Topeka,2024-10-18T03:26:15.000Z
1,hdibiasiokz,Municipio de Copacabana,2024-10-29T10:40:13.000Z
13,lliepinal0,Dolní Cerekev,2024-04-16T11:59:46.000Z
24,rfarnishl1,Kinsale,2025-01-18T19:57:19.000Z
15,cnoddlesl2,Americana,2024-04-29T13:25:44.000Z
18,mmcanellyel3,Monteiro,2024-06-17T09:44:11.000Z
28,cnewtonl4,Sansheng,2025-01-12T16:01:55.000Z
49,hbrodheadl5,Pomabamba,2024-09-06T03:56:43.000Z
34,ctarquinil6,Lukhovka,2024-02-16T21:20:06.000Z
43,molijvel7,Ladhewāla Warāich,2024-10-25T11:45:07.000Z
45,apoppyl8,Achadinha,2024-05-27T21:07:05.000Z
24,rbilovskyl9,San Carlos,2025-01-10T08:26:51.000Z
13,ecarrabotla,Buenaventura,2025-01-31T05:10:52.000Z
18,mfostlb,Gorshechnoye,2024-06-03T00:31:02.000Z
34,sselflc,Letlhakeng,2023-12-24T08:48:22.000Z
36,cgofordld,Xinqiao,2024-11-13T03:41:03.000Z
22,sdohmannle,Avellaneda,2024-08-28T07:15:20.000Z
24,mfranylf,Thị Trấn Phước Bửu,2024-02-25T09:26:55.000Z
11,rdadswelllg,Yonezawa,2024-11-22T05:20:10.000Z
5,cdoddemeadelh,Bujumbura,2024-07-20T21:02:12.000Z
21,rfrancescli,Bamusso,2024-06-24T01:08:02.000Z
10,sdowalllj,Santa Monica,2024-09-26T04:14:33.000Z
42,fmessenbirdlk,Al ‘Azīzīyah,2024-01-15T11:01:59.000Z
12,bcroneenll,Mahdalynivka,2024-06-05T14:50:08.000Z
4,mworrilllm,Tsushima,2024-07-02T12:37:42.000Z
24,trolingsonln,Taoshan,2024-05-13T11:33:05.000Z
45,ldeyelo,Keroak,2024-11-29T08:54:11.000Z
8,llucialp,Larvik,2024-01-07T19:07:39.000Z
1,dmarfelllq,Non Sila,2024-04-03T05:48:02.000Z
50,mcapperlr,Stanovoye,2024-07-16T05:25:37.000Z
24,kpresswellls,Khorramābād,2024-07-31T11:56:46.000Z
31,kwichardlt,Koanara,2023-12-07T01:01:16.000Z
2,wflippellilu,Peuteuy,2023-12-15T20:41:34.000Z
13,tvarnhamlv,Nanlang,2024-04-16T16:07:04.000Z
16,kgrabieclw,Yuxin,2024-11-24T09:32:19.000Z
23,fchilleslx,Höganäs,2024-10-05T06:43:11.000Z
35,fhourstonly,Yang Chum Noi,2024-12-26T18:52:02.000Z
14,pmarialz,Xishan,2024-06-16T11:58:49.000Z
36,hdietmarm0,Dawung,2024-11-25T21:28:29.000Z
30,badamovskym1,Padhahegha,2024-07-09T13:19:38.000Z
31,ggiacopinim2,Miasteczko Śląskie,2024-06-24T16:18:04.000Z
27,rpretoriusm3,Xinlin,2024-01-04T14:50:08.000Z
30,tbacksonm4,Jaquimeyes,2024-07-31T14:07:35.000Z
7,jvalentam5,Calanogas,2024-03-14T19:36:11.000Z
14,lselfm6,Ribafria,2024-07-03T00:39:21.000Z
39,hpayem7,El Zapotal del Norte,2024-08-19T06:05:21.000Z
22,bscothronm8,K’ulashi,2024-12-23T16:28:02.000Z
29,wburrusm9,Lidu,2024-07-10T07:44:46.000Z
2,rcrotherma,Bonriki Village,2024-04-25T11:18:56.000Z
28,bjohnceymb,Tawen Aobao,2024-11-23T07:23:35.000Z
34,bchattawaymc,San Andrés,2024-10-20T11:20:09.000Z
50,bstoneymd,Arboga,2024-07-06T14:43:35.000Z
39,bpatiseme,Zavoronezhskoye,2024-05-12T10:03:06.000Z
26,wbimsmf,Salaza,2024-11-23T09:09:02.000Z
3,cdawidsohnmg,Chernigovka,2024-01-16T04:09:26.000Z
27,nvalentinettimh,Vol’no-Nadezhdinskoye,2024-05-27T00:07:39.000Z
3,mcoldbathmi,Levashi,2024-05-07T23:02:03.000Z
25,praecroftmj,Vilarelho,2024-11-13T09:50:38.000Z
4,rwitchardmk,Al ‘Ulá,2024-05-20T21:35:43.000Z
16,acumesml,Xintang,2024-06-28T19:00:22.000Z
30,rfranekmm,Novopokrovskaya,2024-08-18T22:28:12.000Z
20,remberymn,Myingyan,2024-06-01T13:23:36.000Z
46,ttrotmanmo,Zhangjiang,2024-10-16T01:24:16.000Z
49,gbraffingtonmp,Bralin,2023-12-02T12:17:43.000Z
6,aallattmq,München,2025-01-26T11:41:02.000Z
22,sbraithwaitemr,Opuzen,2024-02-05T03:03:54.000Z
15,dtrenchms,Újezd,2024-04-14T13:22:39.000Z
49,kbaistowmt,Unanu,2024-08-14T01:18:25.000Z
36,jgentricmu,Dole,2024-11-30T15:32:20.000Z
44,epasmoremv,Donji Dobrić,2024-09-27T23:27:48.000Z
28,dcakemw,Stockholm,2024-03-01T03:39:31.000Z
13,vvarnammx,Saidpur,2024-08-31T13:03:53.000Z
4,malesiomy,Pavia,2024-09-30T10:41:30.000Z
22,mlemarmz,Staraya Stanitsa,2024-01-21T06:30:39.000Z
37,igerrenn0,Raub,2024-06-16T08:08:19.000Z
8,scanlandn1,Caigongzhuang,2024-09-14T07:31:02.000Z
4,jmccrainorn2,Martakert,2024-07-03T19:16:20.000Z
15,awoltmann3,Krasnyye Chetai,2024-01-25T10:39:16.000Z
41,apeacocken4,Stari Lec,2024-04-22T15:31:30.000Z
44,ltrounsonn5,Brodarica,2024-09-04T07:35:27.000Z
6,wcumminsn6,Ulan Us,2024-04-16T14:09:54.000Z
24,lsumersn7,Al Karāmah,2025-01-22T10:38:30.000Z
46,rtrittamn8,Cangkeuteuk Sabrang,2025-01-11T13:03:50.000Z
27,lguaren9,Trindade,2024-01-27T19:25:43.000Z
27,jdomena,Saguiaran,2024-04-08T02:11:41.000Z
5,wdombnb,Borabue,2025-01-12T13:36:39.000Z
19,hpopleenc,Jilong,2024-08-22T01:04:06.000Z
25,lullettnd,Vila Maior,2024-02-03T12:37:59.000Z
28,jmackiene,Omišalj,2024-12-03T00:59:10.000Z
46,sneedsnf,Pego Longo,2024-01-10T19:51:27.000Z
42,cdalbeyng,Gagah,2024-08-02T20:20:51.000Z
21,gdinseynh,Burnham,2024-09-07T03:40:02.000Z
27,avelni,Toktogul,2024-02-26T14:04:24.000Z
28,mkemmisnj,Carcavelos,2024-03-11T23:44:11.000Z
37,ahuytonnk,Khān Shaykhūn,2024-11-07T16:29:52.000Z
43,cmacelroynl,Nurmo,2023-12-30T02:03:08.000Z
33,jlosseljongnm,Shalazhi,2024-03-25T08:10:20.000Z
45,gdowseynn,San Diego,2024-08-10T04:25:50.000Z
43,mblagbroughno,Conduaga,2024-03-02T11:33:28.000Z
46,smoorhousenp,Khanāşir,2024-01-05T16:17:38.000Z
21,jingoldnq,Las Lomas,2024-02-29T15:06:55.000Z
31,adummigannr,Sidi Slimane,2024-06-01T21:30:25.000Z
15,ukimmincens,New Glasgow,2023-12-23T07:09:21.000Z
43,sradfordnt,Taurage,2024-09-05T10:53:18.000Z
50,esymmsnu,Krugersdorp,2023-12-16T22:50:24.000Z
30,wblincoenv,Wangjiahe,2024-07-15T16:17:19.000Z
37,mchevolleaunw,Lindavista,2024-05-17T01:53:29.000Z
33,sferrannx,Zudun,2024-04-13T00:04:25.000Z
16,bkitchensideny,Omurtag,2024-05-03T23:07:17.000Z
17,aphilippardnz,Novoorsk,2024-09-07T18:19:00.000Z
2,hslotto0,El Paisnal,2024-02-19T01:49:44.000Z
50,rordo1,Markaz Mudhaykirah,2024-03-24T15:53:01.000Z
49,wskoggingso2,Chengui,2024-02-21T18:31:21.000Z
38,psabbeno3,Montpellier,2025-01-12T02:49:38.000Z
31,mallinghamo4,Caotang,2024-08-17T19:51:00.000Z
50,sroebyo5,Huntington,2024-07-29T20:08:20.000Z
44,iducarmeo6,Dujiajing,2024-07-26T22:22:52.000Z
46,mderuggieroo7,Hirado,2025-01-05T15:44:23.000Z
41,cbrechino8,Šimanovci,2023-12-12T03:05:08.000Z
17,fbartenso9,Tamuning-Tumon-Harmon Village,2024-04-19T17:15:20.000Z
38,bmcinnesoa,Bel Air Rivière Sèche,2025-01-03T15:30:35.000Z
29,cpitkeathlyob,Malandag,2024-04-17T05:14:04.000Z
1,hdamiataoc,Billings,2024-06-30T21:21:10.000Z
47,hgenckeod,Fort Worth,2024-01-28T05:38:35.000Z
15,jdelanyoe,Shaoxing,2024-12-11T22:37:40.000Z
20,sshelbourneof,Elekmonar,2023-12-19T17:07:14.000Z
19,pdequesneog,Nowa Góra,2024-12-03T03:13:48.000Z
5,nswiftoh,Juan N Alvarez,2024-05-01T00:36:58.000Z
15,bhollieroi,Samuhú,2023-12-28T21:41:29.000Z
39,nbloomoj,Tabor,2023-12-13T21:43:45.000Z
28,orysdaleok,Las Varas,2024-11-28T23:27:34.000Z
18,mwarkeol,Norrköping,2024-10-24T16:36:18.000Z
39,tduckerom,Belgrade,2024-07-02T14:12:26.000Z
22,lrathjenon,Sumanding,2024-01-03T01:29:13.000Z
30,cphilpinoo,Manding,2025-01-01T07:17:54.000Z
10,sjerrimop,Citatah Kaler,2024-06-18T07:55:28.000Z
4,lstutteroq,João Câmara,2024-04-16T19:55:36.000Z
30,ddawidor,Xianxi,2025-01-31T21:19:46.000Z
19,bmckellaros,La Garenne-Colombes,2024-04-10T17:58:29.000Z
9,relmesot,Şaḩam,2024-05-27T10:10:47.000Z
12,khawthorneou,Lizi,2024-08-28T09:57:43.000Z
42,dketteringhamov,Macabugos,2024-06-02T06:08:50.000Z
9,fsweedyow,Calinaoan Malasin,2025-01-16T03:44:40.000Z
21,edebeauchempox,Sidokumpul,2024-04-24T10:22:25.000Z
35,scapozzioy,Lipsko,2024-09-11T15:33:13.000Z
50,bjeanesoz,Challans,2024-01-20T11:19:53.000Z
27,fmcgannp0,Nuyno,2024-02-19T01:17:17.000Z
10,plampep1,Palaiomonástiron,2024-01-03T18:33:34.000Z
25,glapthornep2,Växjö,2024-06-10T10:27:36.000Z
4,dmchaffyp3,Gaspar,2024-11-28T18:41:29.000Z
22,dmecchip4,Velingrad,2023-12-21T15:03:58.000Z
22,mlandonp5,Bemposta,2024-10-14T16:34:07.000Z
44,mbernardellip6,Koga,2024-12-08T13:09:56.000Z
2,bjovicevicp7,Polyarnyy,2024-06-04T18:29:39.000Z
34,mhammelbergp8,Dhībīn,2024-05-11T14:27:23.000Z
36,beedep9,Bačka Palanka,2023-12-21T07:48:29.000Z
37,ccraydonpa,Morelos,2024-08-24T02:19:45.000Z
37,oeckpb,Sindangrasa,2024-05-30T17:16:56.000Z
33,gguernerpc,Nakhon Ratchasima,2024-01-25T02:28:08.000Z
34,kmasedonpd,Liuqiao,2024-06-25T22:22:59.000Z
15,nwykepe,Fengqiao,2024-08-16T13:17:06.000Z
17,schoppenpf,Rzyki,2024-02-11T03:18:42.000Z
6,nhuggenpg,Cimanggu,2024-08-21T07:14:12.000Z
15,bjadczakph,Sovetsk,2024-11-12T14:35:31.000Z
16,npetettpi,Korostyshiv,2024-12-19T10:04:53.000Z
8,bpetcherpj,Vilca,2024-08-29T07:16:58.000Z
22,sjerrampk,Baiyun,2024-09-03T01:20:20.000Z
28,ieveredpl,Dầu Tiếng,2024-02-24T19:02:05.000Z
5,rdavidovpm,Pantin,2024-08-26T02:12:01.000Z
39,ghanselmannpn,Selizharovo,2024-09-06T17:28:07.000Z
14,dbellepo,Sanhe,2024-06-05T17:41:34.000Z
49,jsiemandlpp,Sertânia,2024-10-02T07:13:34.000Z
23,abelcherpq,Kalāt-e Nāderī,2024-06-12T17:22:49.000Z
45,cjanssonpr,Pu’er,2024-03-24T11:16:38.000Z
10,fhacklyps,San Felipe,2024-11-24T10:59:57.000Z
33,vtrippickpt,Gangmei,2024-02-02T22:00:22.000Z
9,cbruyetpu,Daxindian,2024-10-15T13:52:00.000Z
15,scarrattpv,Daveluyville,2024-02-14T02:57:40.000Z
22,lmammattpw,New Kingston,2024-04-28T15:26:11.000Z
29,dkeranspx,Sida,2024-06-30T07:07:06.000Z
49,ocharlespy,Vale,2024-09-30T09:42:55.000Z
22,hitchinghampz,Tshaneni,2024-12-29T01:56:14.000Z
44,nandrioliq0,Huangtu,2025-01-02T13:51:41.000Z
34,kgunneyq1,Almaty,2025-01-06T13:27:33.000Z
14,wbarcaq2,Słubice,2024-10-01T22:57:22.000Z
31,abellfieldq3,Qianzhou,2024-07-26T20:51:22.000Z
38,mtebbettq4,Dagkar,2024-10-24T19:08:04.000Z
18,ejollyeq5,Bielawy,2024-06-05T23:04:39.000Z
21,dbattailleq6,Itoman,2024-02-19T12:01:42.000Z
37,tcelleq7,Tourcoing,2024-04-19T23:51:55.000Z
32,rseresq8,Funga,2024-11-10T11:03:41.000Z
23,mpenticootq9,Bol’shoye Skuratovo,2024-05-03T21:24:08.000Z
32,skarpovqa,Nueva Gerona,2024-09-20T00:02:24.000Z
21,lconaghyqb,Heku,2024-10-24T17:47:55.000Z
26,ckwietakqc,Lengshui,2024-12-06T08:58:00.000Z
29,rradleyqd,Žulová,2024-01-17T00:32:50.000Z
37,btierneyqe,At-Bashi,2024-09-19T15:10:05.000Z
29,cwattinhamqf,Pavlovka,2024-10-20T08:30:12.000Z
44,wcoleiroqg,Xiabao,2024-09-05T09:06:40.000Z
13,ewalakqh,Penghua,2024-09-01T23:50:20.000Z
34,bmattusovqi,Shancheng,2024-02-23T17:16:36.000Z
42,psutheranqj,Dziemiany,2024-12-30T17:18:56.000Z
30,jroskillyqk,Sucre,2024-02-09T19:49:08.000Z
15,seilertql,Pinheiral,2024-05-17T14:52:33.000Z
31,dhankinsonqm,Loga,2024-10-16T21:58:20.000Z
23,mbewickqn,Yashan,2024-10-15T03:02:49.000Z
40,phitterqo,Eucaliptus,2024-06-20T14:24:04.000Z
24,bhannibalqp,Kuivaniemi,2024-09-10T08:10:18.000Z
28,skingzettqq,Malaya Purga,2024-06-29T07:24:05.000Z
24,narnholdqr,Mendenrejo,2024-04-22T09:52:59.000Z
8,kdohmannqs,Jiaodai,2024-11-08T05:48:07.000Z
48,rgabbettqt,Czarna Woda,2024-09-30T09:43:51.000Z
12,tpauleauqu,Dunhou,2024-12-08T18:58:40.000Z
46,nsmewingsqv,Majingklak,2024-08-20T19:43:13.000Z
33,hguerrazziqw,El Rosario,2024-09-25T14:21:02.000Z
14,ktilmouthqx,Yulin,2025-01-19T20:05:16.000Z
50,vdanzelmanqy,Zili,2024-08-15T19:09:53.000Z
34,wszimonqz,Spiczyn,2024-04-15T06:12:11.000Z
39,kwindousr0,‘Attīl,2024-07-31T18:16:36.000Z
19,hpayntonr1,Skopje,2025-01-19T03:29:52.000Z
45,rbarkworthr2,Kyrenia,2024-09-12T00:40:29.000Z
25,lwelbrockr3,Maïné Soroa,2024-04-11T08:59:31.000Z
33,esparshottr4,Ibarra,2024-10-03T17:11:32.000Z
20,unuttr5,Fushan,2024-12-17T06:54:43.000Z
21,xwoolfootr6,Sundsvall,2024-01-06T06:46:53.000Z
40,tdietzr7,Buenavista,2024-09-01T12:09:25.000Z
46,bsanciasr8,Huangbizhuang,2024-07-17T16:31:14.000Z
6,jbarhamsr9,Huangjin,2024-05-21T07:19:10.000Z
45,dluisettira,May Pen,2024-06-19T19:34:34.000Z
16,mgrahamrb,Marihatag,2024-10-09T14:30:26.000Z
39,mkenwortheyrc,Abut,2024-12-13T11:01:16.000Z
9,awarkuprd,Olejet,2024-09-11T17:48:30.000Z
41,tormesherre,Coutada,2024-07-04T01:16:15.000Z
15,bphillippsrf,San Juan de Dios,2024-05-08T07:12:12.000Z
37,dsynkerg,Bojongnangka,2024-08-03T06:39:54.000Z
37,hberrierh,Minnedosa,2024-12-15T00:06:12.000Z
18,fwestmorelandri,Citambal,2024-01-29T19:56:07.000Z
48,aclemmittrj,Argalastí,2024-03-29T06:47:07.000Z
45,mhallingrk,Xin’andu,2024-05-11T23:38:03.000Z
38,jarnerl,Huili Chengguanzhen,2024-02-11T12:42:32.000Z
25,tgyrgorcewicxrm,Gorbatovka,2023-12-17T19:09:01.000Z
19,kskedrn,Rio,2024-09-21T11:24:37.000Z
24,bdeclerqro,Pingle,2024-01-21T23:22:46.000Z
42,cdomenicirp,Marčelji,2024-07-19T16:23:20.000Z
26,igillbeyrq,Tortosa,2024-11-06T22:20:14.000Z
12,sdenslowrr,Prínos,2024-12-25T11:26:25.000Z
