location,login_count
Gijon,1
Fengshan,1
Dziewin,1
Tingsryd,1
Dziemiany,1
Olejet,1
Tuxi,1
Badajoz,1
Americana,1
Minbu,1
Yanling,1
Tomepampa,1
Pleshanovo,1
Daveluyville,1
Zhoushan,1
Sokhumi,1
Al ‘Azīzīyah,1
Brodarica,1
Mengzhai,1
Kinsale,1
Gorbatovka,1
Sima,1
Pawonków,1
Zagórów,1
Majingklak,1
Shuangyang,1
Delareyville,1
Chalchuapa,1
Novoorsk,1
Yallahs,1
Qinā,1
Thị Trấn Phước Bửu,1
Santa Lucia,1
Digdig,1
Pilpichaca,1
Dongke,1
Masjid,1
Bontoc,1
Ganta,1
Carcavelos,1
Bojongnangka,1
Almaty,1
Tiabaya,1
Gangmei,1
Nakano,1
Gradačac,1
Partenit,1
Mayumba,1
Sävsjö,1
Nangerang,1
Zavoronezhskoye,1
Stuttgart Stuttgart-Mitte,1
Trindade,1
Xinglong,1
Taihe Chengguanzhen,1
Lengshui,1
Hehe,1
Załuski,1
Al Bāţinah,1
Mjölby,1
Rawasan,1
Marseille,1
Al Karāmah,1
Lelystad,1
Las Lomas,1
San Francisco,1
Bhalil,1
Liantan,1
Argalastí,1
Wenxian Chengguanzhen,1
Mopti,1
Kladno,1
Santa Cruz do Sul,1
Songmuping,1
Tomelilla,1
Santa Cruz,1
Alverca do Ribatejo,1
Skövde,1
Mhlambanyatsi,1
San Carlos,1
Numazu,1
Caotang,1
Avaré,1
Larvik,1
Şaḩam,1
Laingsburg,1
Zhongfang,1
Dakoro,1
Dūkštas,1
Cetinje,1
Sucre,1
Chumikan,1
Amieira do Tejo,1
Kepuh,1
Al Badārī,1
Jaquimeyes,1
Harembo,1
Mehendiganj,1
Huyang,1
Apengjiang,1
Chimen,1
Challans,1
Zaragoza,2
Suure-Jaani,1
Ban Mai,1
Huangshagang,1
Canguaretama,1
Mao,1
Assiniboia,1
Badīn,1
Morelos,1
Dete,1
Alto Barinas,1
Tegalagung,1
Kuantan,1
Uitenhage,1
Shanguang,1
Qila Saifullāh,1
Tsushima,1
Takayama,1
Maesan,1
Nong Kung Si,1
Huanghai,1
Bankeryd,1
Białaczów,1
Växjö,1
Borabue,1
Słubice,1
Nanfeng,1
Guanyinsi,1
Vila Alva,1
São José,1
Velké Karlovice,1
Ormstown,1
Tsurib,1
Trelleborg,1
Mainri,1
Tampa,1
Sobinka,1
Drammen,1
Hongkou,1
Libacao,1
Donostia-San Sebastian,1
Fort Lauderdale,1
Viçosa do Ceará,1
Czarna Woda,1
Itagibá,1
Zárkos,1
Tanjungluar,1
Zhongzhai,1
Manding,1
El Tejocote,1
Voyinka,1
Dashtobod,1
Nidek,1
Acajutla,1
Kanthararom,1
Xishan,1
Berkovitsa,1
Szelków,1
Pantin,1
Ust’-Koksa,1
Przybyszówka,1
Puerto Quellón,1
Changxuanling,1
Ob’,1
Toktogul,1
Jindayris,1
Opuzen,1
At-Bashi,1
Marčelji,1
Omurtag,1
Dujiajing,1
Mekarsari,1
Kertanegla,1
Kertosari,1
Rublëvo,1
Łanięta,1
El Calafate,1
Panorama,1
Canchayllo,1
Agboville,1
Gornji Grad,1
Ibarra,1
Changzhi,1
Zhengchang,1
San Andrés,1
Härnösand,1
Prainha de Baixo,1
Vatutino,1
Shuangqiaoping,1
Cajacay,1
Vol’no-Nadezhdinskoye,1
Pavia,1
Gorelki,1
Little Rock,1
Padangtepung,1
Pantaihambawang,1
Montélimar,1
Manjo,1
Avellaneda,1
K’ulashi,1
Conchucos,1
Dolgoprudnyy,1
Säffle,1
Iwade,1
Prínos,1
Lanipao,1
Quba,1
Krasnyye Chetai,1
Brovary,1
Puerto Santander,1
Penglai,1
Papringan,1
Takatsuki,1
Mulyadadi,1
Waterloo,1
Capilla del Monte,1
Inčukalns,1
May Pen,1
Anjani Barat,1
Caigongzhuang,1
Klau,1
Kudusan,1
Mosjøen,1
El Paisnal,1
Pomabamba,1
Toulouse,1
Chimboy Shahri,1
Levashi,1
Frederiksberg,1
Seredeyskiy,1
Coronel Martínez,1
Lebao,1
Zhourui,1
Cholet,1
Cisek,1
Panay,1
Zhaojia,1
New Kingston,1
Железный порт,1
Panyingkiran,1
Shuangtang,1
Mhlume,1
Wuxi,1
Bolobo,1
Wangjiahe,1
Rio Negrinho,1
Saint Louis,1
Lakateng,1
Ribafria,1
Conduaga,1
San Jose,1
Cirangkong,1
Severobaykal’sk,1
Polos,1
Staraya Stanitsa,1
Seulimeum,1
Kalanchak,1
Sidokumpul,1
Billings,1
Lizi,1
Hirado,1
Vale,1
Heemstede,1
Pilar,1
New York City,1
Shancheng,1
Yanghou,1
Wuqu,1
Nueva Gerona,1
Hluboká nad Vltavou,1
Sinop,1
Penghua,1
Shaoxing,1
Tsagaannuur,1
Ventersburg,1
Pryluky,1
Fenghuangshan,1
Bujumbura,1
Giraldo,1
Vilarelho,1
Velingrad,1
Vilca,1
Rāmganj,1
Kudanding,1
Las Palmas,1
Xianxi,1
Jasugih Selatan,1
Uppsala,1
Areni,1
Janakpur,1
Ostrzeszów,1
Linxi,1
Logung,2
Almendra,1
Okpoga,1
Muesanaik,1
Alicia,1
Bahuang,1
Nowa Góra,1
Chastyye,1
Proletarskiy,1
Kinsealy-Drinan,1
Municipio de Copacabana,1
Gagah,1
Vicuña,1
Lukhovka,1
Grebenskaya,1
Quartier Morin,1
Sanjiang,1
Xinkai,1
Sida,1
Ścinawa,1
Calauag,1
Kattaqo’rg’on,1
Santa Monica,1
Pavlovka,2
Mianhu,1
Santo Antônio do Içá,1
Qesarya,1
Khān Shaykhūn,1
Richmond,2
Ath,1
Anggana,1
Afaahiti,1
Non Sila,1
Rumoi,1
Moriya,1
Conde,1
Gweedore,1
Donggaohuang,1
Ndwedwe,1
Lianxia,1
Shuiji,1
Bronx,1
Wingham,1
Pakalongan,1
Côn Sơn,1
Quipot,1
Bingfang,1
Baitashan,1
Achadinha,1
Lanxi,1
Qiaozi,1
Sarykemer,1
Zambujeira,1
Youssoufia,1
Umpak,1
